Sign,Position,Feature,Average value
Positive,19,G,3.9268497775364004
Positive,20,G,3.8897806360101166
Positive,19,A,3.3649465521091964
Positive,21,T,2.69698838894189
Positive,19,T,2.6390389647211197
Positive,20,A,2.0427687401158283
Positive,19,C,2.010013398703255
Positive,22,C,1.784272406711576
Positive,21,A,1.7079771376704138
Positive,20,C,1.6694128856721047
Positive,18,G,1.585906265967348
Positive,17,A,1.58345216524669
Positive,18,C,1.575580410441261
Positive,23,A,1.5435961675156136
Positive,18,T,1.5412733956985005
Positive,21,C,1.507773088699965
Positive,20,T,1.4639536165193423
Positive,22,T,1.4445253510370564
Positive,18,A,1.4033786452875854
Positive,17,C,1.3319432380751166
Negative,20,C,-7.957576410262248
Negative,18,A,-5.995676846199913
Negative,19,G,-5.3893086007366975
Negative,23,T,-4.593124060916413
Negative,19,A,-4.400890630669422
Negative,19,C,-4.262586361074951
Negative,21,T,-4.095274689683279
Negative,17,A,-3.6644218807918927
Negative,21,G,-3.5667638976492246
Negative,19,T,-3.3658934537189182
Negative,18,T,-3.32213053861152
Negative,17,T,-3.21920705684196
Negative,22,A,-3.1850383908056132
Negative,17,C,-3.157815863890216
Negative,21,C,-3.129423324946441
Negative,22,G,-3.053013160966068
Negative,20,G,-2.9264961192477843
Negative,14,A,-2.8624091816097774
Negative,18,G,-2.535652794631923
Negative,17,G,-2.51197447686105
