Sign,Position,Feature,Average value
Positive,19,T,4.382987122991391
Positive,17,G,4.307835633893393
Positive,20,G,3.5846320540983894
Positive,18,T,2.773403236373231
Positive,19,A,2.64853668349699
Positive,20,A,2.4968205872560953
Positive,22,G,2.358769954995233
Positive,21,T,2.253188520167055
Positive,14,G,2.236933407127802
Positive,21,A,2.1609640768547185
Positive,18,C,2.155620467202368
Positive,18,A,2.1168277484915587
Positive,21,C,2.084530199216089
Positive,17,C,2.013233756021443
Positive,22,T,1.9994547560999971
Positive,23,C,1.9213883089586437
Positive,21,G,1.8382884241883874
Positive,15,T,1.6479947600560092
Positive,14,T,1.5798023883039316
Positive,23,G,1.5278416164636959
Negative,19,G,-6.147543667499441
Negative,18,G,-4.731215536026661
Negative,23,C,-3.4826374891308105
Negative,17,C,-3.21244226046661
Negative,20,C,-2.649570478810614
Negative,21,C,-2.6410312799132405
Negative,22,T,-2.5341593331433443
Negative,21,A,-2.5066535898751563
Negative,17,T,-2.457633074463779
Negative,19,C,-2.304708291852956
Negative,22,A,-2.2822634643405175
Negative,20,G,-2.247112913420943
Negative,15,G,-2.234878798279447
Negative,21,G,-2.2164919230115316
Negative,20,T,-2.1640213743498466
Negative,18,A,-2.143974690331887
Negative,18,C,-2.1164549865556403
Negative,26,G,-2.0907305598560355
Negative,15,T,-2.009295286441567
Negative,22,G,-1.959063368550375
