Sign,Position,Feature,Average value
Positive,19,T,5.0974514435860385
Positive,17,G,4.406475575205061
Positive,18,T,3.8898638806021135
Positive,20,G,3.591059673702368
Positive,19,A,3.3273092115721283
Positive,22,G,2.916537995255817
Positive,21,T,2.8548248021744347
Positive,18,A,2.644049941465213
Positive,21,A,2.5737291196800687
Positive,20,A,2.53125864296157
Positive,14,G,2.4205703151418048
Positive,18,C,2.2451630470299215
Positive,23,C,2.1100841899312526
Positive,21,C,2.084702286718856
Positive,17,C,1.9050661767588413
Positive,26,G,1.8999359455774303
Positive,15,T,1.8912821271377316
Positive,15,A,1.8196953210325642
Positive,23,G,1.7499602208402945
Positive,21,G,1.5620559094594493
Negative,19,G,-5.876666277843001
Negative,18,G,-4.121607685499234
Negative,18,T,-3.437165589467469
Negative,17,T,-3.180857872154709
Negative,20,C,-2.836068739970943
Negative,17,C,-2.7973220544841375
Negative,23,C,-2.639450740664437
Negative,22,T,-2.6393315751430895
Negative,19,C,-2.571020683178059
Negative,21,T,-2.4504754286508086
Negative,21,C,-2.410723482348886
Negative,23,G,-2.334993534674834
Negative,17,A,-2.321956105293308
Negative,26,G,-2.290147520948358
Negative,21,A,-2.2885752678365288
Negative,14,T,-2.2539826147216506
Negative,20,G,-2.247112913420943
Negative,15,G,-2.191999085752424
Negative,18,A,-2.1641890622036137
Negative,22,A,-2.134942311811737
