Sign,Position,Feature,Average value
Positive,19,T,4.216055096538329
Positive,19,A,2.680372732311528
Positive,20,G,2.302592426468987
Positive,21,A,2.1872095867305714
Positive,22,G,1.9302490988324768
Positive,20,A,1.90522255870642
Positive,18,T,1.877905307027898
Positive,21,C,1.710865998627997
Positive,18,C,1.6464057855761072
Positive,21,G,1.632817887218609
Positive,17,G,1.62167170738891
Positive,18,A,1.6212776257025765
Positive,21,T,1.6099814232202754
Positive,17,T,1.4218156571597855
Positive,22,C,1.398722347718796
Positive,17,C,1.382954947857046
Positive,16,C,1.347363052435099
Positive,22,T,1.2761026280713639
Positive,16,T,1.1871236191563246
Positive,23,C,1.1572050192306718
Negative,19,G,-5.605382918622375
Negative,18,T,-4.659824006436489
Negative,18,G,-3.1410998452449816
Negative,17,T,-3.1253160958462494
Negative,20,C,-3.0237720264305494
Negative,21,C,-2.957309847005521
Negative,18,A,-2.8215937838851346
Negative,17,C,-2.7967337876863776
Negative,23,C,-2.7616450465331144
Negative,17,A,-2.7111949627284897
Negative,21,A,-2.7029390508488373
Negative,22,A,-2.653107951596369
Negative,22,G,-2.5518525660962115
Negative,21,T,-2.52177137255903
Negative,21,G,-2.325505578149027
Negative,17,G,-2.1865450264773805
Negative,18,C,-2.1018745188481334
Negative,23,G,-2.037068015514864
Negative,19,C,-2.005115355186591
Negative,22,T,-1.9539688297666606
