Sign,Position,Feature,Average value
Positive,"18, 21","T, A",2.6381464152170278
Positive,"19, 22","G, A",2.606575238264813
Positive,"18, 21, 22","A, A, A",2.5736753826041374
Positive,"18, 19, 23","A, G, A",2.180720308903082
Positive,"16, 22","C, A",2.0933098728636303
Positive,"17, 20","A, T",2.081047094843652
Positive,"14, 23","G, A",1.8078701931866055
Positive,"19, 20","G, T",1.7454951112262325
Positive,"13, 14, 23","A, G, A",1.7444057466920164
Positive,"17, 18, 22","A, A, A",1.7350485023969084
Positive,"19, 22","C, G",1.67690784338221
Positive,"18, 19, 22","A, G, A",1.6669781616266675
Positive,"17, 18, 23","A, A, A",1.657788125638489
Positive,"14, 23","G, C",1.6491860060122112
Positive,"16, 21","A, A",1.626789384675968
Positive,"16, 20","C, C",1.61754187958411
Positive,"15, 23","G, G",1.546578147680039
Positive,"17, 21","A, A",1.4787378605354247
Positive,"17, 20","C, T",1.4504278115346985
Positive,"17, 21, 22","A, A, A",1.4438615910676944
Negative,"18, 21","A, A",-5.373471958658469
Negative,"15, 21","G, G",-4.667672530311749
Negative,"17, 20","T, T",-3.347255712955675
Negative,"18, 27","C, C",-2.5767973150104533
Negative,"12, 21","G, G",-2.5446609201613173
Negative,"16, 22","A, A",-2.3398022125133187
Negative,"17, 23","A, A",-2.273553646763054
Negative,"17, 26","A, A",-2.0974107093159993
Negative,"13, 22","A, A",-1.8731803799372284
Negative,"15, 21","A, A",-1.863316805028639
Negative,"19, 28","G, G",-1.8117410431221792
Negative,"9, 21","G, G",-1.6888212081605012
Negative,"16, 28","C, C",-1.6189992076161541
Negative,"14, 26","C, C",-1.5646462184088028
Negative,"16, 28","T, T",-1.4868943374906884
Negative,"19, 21","G, A",-1.3979553138377159
Negative,"15, 21, 22","A, A, A",-1.3650458460055181
Negative,"19, 31","C, C",-1.3289552747795297
Negative,"18, 27","T, T",-1.296175474352976
Negative,"16, 17, 23","A, A, A",-1.2585634846328597
