Sign,Position,Feature,Average value
Positive,"18, 19, 21, 22","G, C, G, G",2.5044768537526094
Positive,"18, 19, 21, 22","C, G, C, C",2.5044768537526094
Positive,"18, 19, 21, 22","A, G, A, C",2.504476853752609
Positive,"18, 19, 21, 22","T, C, T, G",2.504476853752609
Positive,"18, 21","G, C",2.073134569806125
Positive,"18, 21","C, G",2.0731345698061245
Positive,"17, 18, 21, 22","G, C, G, C",1.9830501408429642
Positive,"17, 18, 21, 22","G, G, G, G",1.9830501408429642
Positive,"17, 18, 21, 22","A, A, A, A",1.9830501408429642
Positive,"17, 18, 21, 22","A, G, A, G",1.9830501408429642
Positive,"17, 18, 21, 22","A, C, A, C",1.9830501408429642
Positive,"17, 18, 21, 22","T, T, T, T",1.9830501408429642
Positive,"17, 18, 21, 22","T, A, T, A",1.9830501408429642
Positive,"18, 19, 20, 21","C, T, C, T",1.9823447319331804
Positive,"18, 19, 20, 21","A, G, A, G",1.9823447319331804
Positive,"18, 19, 20, 21","C, A, C, A",1.9823447319331804
Positive,"18, 19, 20, 21","G, G, G, G",1.9823447319331804
Positive,"18, 19, 20, 21","G, A, G, A",1.9823447319331804
Positive,"18, 19, 20, 21","T, G, T, G",1.9823447319331804
Positive,"18, 19, 20, 21","A, C, A, C",1.9823447319331804
Negative,"18, 19, 21, 22","T, C, T, C",-5.6398157814347565
Negative,"18, 19, 21, 22","A, G, A, G",-5.6398157814347565
Negative,"18, 19, 21, 22","G, C, G, C",-5.639815781434756
Negative,"18, 19, 21, 22","C, G, C, G",-5.639815781434756
Negative,"18, 19, 21, 22","G, G, G, G",-5.639815781434756
Negative,"18, 21","G, G",-5.32472098928542
Negative,"18, 21","C, C",-5.324720989285416
Negative,"17, 18, 20, 21","G, A, G, A",-4.658399122554794
Negative,"17, 18, 20, 21","T, G, T, G",-4.658399122554794
Negative,"17, 18, 20, 21","A, T, A, T",-4.658399122554794
Negative,"17, 18, 20, 21","C, A, C, A",-4.658399122554794
Negative,"17, 18, 20, 21","T, C, T, C",-4.658399122554794
Negative,"17, 18, 20, 21","G, G, G, G",-4.658399122554794
Negative,"17, 18, 20, 21","C, G, C, G",-4.658399122554794
Negative,"17, 18, 20, 21","G, C, G, C",-4.658399122554794
Negative,"17, 18, 20, 21","A, G, A, G",-4.658399122554794
Negative,"17, 18, 20, 21","A, A, A, A",-4.658399122554794
Negative,"17, 18, 20, 21","T, T, T, T",-4.658399122554794
Negative,"17, 18, 20, 21","T, A, T, A",-4.658399122554794
Negative,"18, 21","T, T",-4.553421907046168
