Sign,Position,Feature,Average value
Positive,19,G,10.178470378329965
Positive,19,A,8.792456887771259
Positive,19,C,8.31444845867205
Positive,19,T,7.746285693836347
Positive,20,A,5.180346212818648
Positive,20,G,4.678616444383964
Positive,20,C,4.456799077264884
Positive,20,T,2.2955998792338974
Positive,21,A,0.2574304258316378
Positive,18,T,0.2519327601655512
Positive,17,T,0.18870041821933867
Positive,18,G,0.18084805426078385
Positive,21,C,0.13327239348917333
Positive,18,C,0.13279400811529823
Positive,21,T,0.13192353985620234
Positive,17,G,0.12346319391252003
Positive,18,A,0.11323100276467875
Positive,16,G,0.09587081479654068
Positive,22,A,0.0925120295466031
Positive,22,T,0.08993170892517492
Negative,19,C,-13.694324392863857
Negative,19,T,-13.288435589173481
Negative,19,G,-12.040450599181561
Negative,19,A,-9.275392252092004
Negative,20,C,-8.482614925518073
Negative,20,G,-4.27507360633229
Negative,20,T,-3.2721646423016204
Negative,20,A,-2.3192875574805143
Negative,22,G,-0.2725055002631606
Negative,21,G,-0.20671516514854363
Negative,21,T,-0.17646350338865183
Negative,17,G,-0.14800021228589746
Negative,18,A,-0.13184777190780753
Negative,16,G,-0.11859909330419388
Negative,17,C,-0.11104596757648652
Negative,15,T,-0.10478755596194904
Negative,21,A,-0.08349554581653204
Negative,22,C,-0.08035120151124875
Negative,17,T,-0.07898702408606385
Negative,18,C,-0.07409987447863808
