Sign,Position,Feature,Average value
Positive,19,T,3.726997041833497
Positive,19,A,2.465975089894632
Positive,20,G,2.431283784196991
Positive,21,A,1.8327439339001017
Positive,22,T,1.7539458014150027
Positive,22,G,1.75080512316503
Positive,18,T,1.7337300922519545
Positive,21,C,1.7331304567064338
Positive,17,G,1.696399230191725
Positive,20,A,1.6485920459879342
Positive,18,A,1.5266192403643526
Positive,17,C,1.4918706922014762
Positive,21,G,1.489694975468371
Positive,18,C,1.4896020389609304
Positive,21,T,1.4220740155472926
Positive,22,C,1.3552930707112434
Positive,23,C,1.22023435183893
Positive,16,C,1.1766333352498948
Positive,22,A,1.1208845583769373
Positive,17,A,1.1038404159815207
Negative,19,G,-5.4622563759325145
Negative,18,G,-3.1048620079589324
Negative,20,C,-2.9809275085846902
Negative,21,C,-2.890970135647746
Negative,18,A,-2.6171013655387796
Negative,21,A,-2.5393700157580517
Negative,17,C,-2.4954717279983707
Negative,17,A,-2.4951122630830045
Negative,17,T,-2.460739553387523
Negative,22,A,-2.4505117823689706
Negative,23,C,-2.2657928225126267
Negative,21,G,-2.239351955830467
Negative,22,G,-2.223412454045065
Negative,18,C,-2.1378990466429593
Negative,22,T,-2.1199220655326743
Negative,22,C,-2.0338708729492088
Negative,20,T,-2.0007817767456526
Negative,17,G,-1.9718712945608268
Negative,20,G,-1.8766088301262398
Negative,18,T,-1.7745312375033637
