,SHAP Zero: on_target,SHAP Zero error: on_target,Model: on_target,Model error: on_target,Linear: on_target,Linear error: on_target,Pairwise: on_target,Pairwise error: on_target
Pearson,0.5757648125208463,0.025402073317450487,0.6691692871734662,0.023087304194405515,0.44361377912462274,0.027844140379022112,0.4754325365005922,0.0273325703999559
Spearman,0.5676165941136196,0.025578469659509467,0.6511436606769467,0.023579569005369498,0.45035373543545804,0.02773950657245948,0.4680334121614062,0.027455557719903576
AUROC,0.8439280090885536,0.011907180381726626,0.8892751081258844,0.010055212845610619,0.773419966914476,0.014397721623238411,0.7745042154146653,0.014780501802276831
AUPRC,0.7182433987457485,0.022602662674109042,0.8053771922136992,0.022300858565759647,0.6179271156055692,0.029115981135146702,0.6597818518067329,0.025539354436514325
