,SHAP Zero: on_target,SHAP Zero error: on_target,SHAP Zero: titration,SHAP Zero error: titration,Model: on_target,Model: titration,Linear: on_target,Linear error: on_target,Pairwise: on_target,Pairwise error: on_target,Linear: titration,Linear error: titration,Pairwise: titration,Pairwise error: titration
Pearson,0.5757648125208463,0.025402073317450487,0.5295956021781362,0.11437804129318285,0.023087235255240892,0.09493816236965369,0.44361377912462274,0.027844140379022112,0.4754325365005922,0.0273325703999559,0.3779457235528262,0.12483858888021114,0.46388150778987025,0.11945436151941395
Spearman,0.5676165941136196,0.025578469659509467,0.5690303344568318,0.11088113852786408,0.02357995052626608,0.09469724193387387,0.45035373543545804,0.02773950657245948,0.4680334121614062,0.027455557719903576,0.4131449312937517,0.12279408230827896,0.42727508426238014,0.1219117417246499
AUROC,0.8439280090885536,0.011907180381726626,0.8632478632478632,0.04728577394888894,0.010055731565112578,0.05528638888210361,0.773419966914476,0.014397721623238411,0.7745042154146653,0.014780501802276831,0.7193732193732193,0.07304881132195852,0.6666666666666667,0.07661915130426947
AUPRC,0.7182433987457485,0.022602662674109042,0.9412286759895161,0.025376816381205394,0.022053870822937156,0.033886593856703076,0.6179271156055692,0.025606105992666828,0.6597818518067329,0.0270376485462086,0.8507526308100694,0.05764719475587541,0.829935387185946,0.054512917102043854
