noise_sd,nmse
0.0,1.0
0.1,0.337997920422485
0.2,0.43180190743004165
0.3,0.5536374631473181
0.4,0.6641406154505594
