Sign,Position,Feature,Average value
Positive,"5, 6","G, T",0.06123954324927719
Positive,"5, 6","C, A",0.06123954324927719
Positive,"3, 4","A, C",0.056117428755200746
Positive,"3, 4","C, G",0.05476134455454517
Positive,"19, 20","C, A",0.05222429690727516
Positive,"5, 6","A, C",0.05175578451616959
Positive,"5, 6","T, G",0.05175578451616956
Positive,"19, 20","A, C",0.046299564050710666
Positive,"4, 5","T, G",0.04376381316408555
Positive,"4, 5","A, C",0.04376381316408554
Positive,"8, 9","A, C",0.04256383687196917
Positive,"18, 19","C, A",0.04109249931665279
Positive,"4, 5","G, T",0.038197568231282016
Positive,"4, 5","C, A",0.038197568231281974
Positive,"10, 11","A, C",0.038147338700885075
Positive,"10, 11","T, G",0.038147338700885054
Positive,"8, 9","C, G",0.0376279367589804
Positive,"11, 12","A, C",0.037331079115633166
Positive,"11, 12","T, G",0.037331079115633166
Positive,"6, 7","T, G",0.0371129878512426
Negative,"3, 4","C, C",-0.0968958409097085
Negative,"8, 9","C, C",-0.07868804296247826
Negative,"3, 4","G, G",-0.0612251993773913
Negative,"4, 5","G, G",-0.059458771111548916
Negative,"4, 5","C, C",-0.05945877111154891
Negative,"6, 7","C, C",-0.05934854870528075
Negative,"6, 7","G, G",-0.059348548705280724
Negative,"5, 6","G, G",-0.05927023907187743
Negative,"5, 6","C, C",-0.05927023907187738
Negative,"9, 10","T, T",-0.05868627034526151
Negative,"19, 20","A, A",-0.05853619477389139
Negative,"10, 11","G, G",-0.05689407161055013
Negative,"10, 11","C, C",-0.05689407161055012
Negative,"9, 10","C, C",-0.05587510192974797
Negative,"11, 12","G, G",-0.05565460236245427
Negative,"11, 12","C, C",-0.055654602362454265
Negative,"8, 9","G, G",-0.054103054074198464
Negative,"7, 8","T, T",-0.0518982582798112
Negative,"7, 8","G, G",-0.05189825827981117
Negative,"7, 8","C, C",-0.05189825827981117
