Sign,Position,Feature,Average value
Positive,6,G,0.12334204991865916
Positive,5,G,0.1194623500299174
Positive,7,G,0.09418574439637065
Positive,11,C,0.0759039724842515
Positive,25,T,0.07276735044981021
Positive,4,C,0.06983592955330058
Positive,10,C,0.06195332752347237
Positive,8,C,0.05910735803763482
Positive,3,C,0.054626440868364615
Positive,8,G,0.05402241140079667
Positive,9,C,0.051905191432238595
Positive,21,T,0.04990484937926937
Positive,22,T,0.0490600647787772
Positive,7,C,0.04899590069603821
Positive,9,G,0.047232208834043804
Positive,4,G,0.04557490198755128
Positive,12,C,0.03879449371423738
Positive,18,A,0.03846152925531077
Positive,10,G,0.036765360768421594
Positive,23,T,0.03619268886937647
Negative,10,A,-0.06639514271306518
Negative,7,A,-0.06518406763550239
Negative,8,A,-0.06246869278738251
Negative,9,A,-0.061968619795718154
Negative,20,C,-0.05956632249810298
Negative,6,C,-0.058366397094675684
Negative,3,T,-0.0462173674079418
Negative,6,T,-0.043893464127536204
Negative,9,T,-0.04115495562524027
Negative,3,A,-0.03982015535086112
Negative,11,A,-0.03981628162632053
Negative,5,T,-0.039555853134850626
Negative,8,T,-0.03839432610382414
Negative,4,A,-0.03788944525962927
Negative,22,A,-0.03741120285618915
Negative,23,C,-0.03664964639708269
Negative,21,C,-0.03663353871031051
Negative,10,T,-0.03610104591876613
Negative,5,G,-0.035952946286994476
Negative,5,C,-0.035005711639412004
