Sign,Position,Feature,Average value
Positive,5,C,0.12687924150654797
Positive,5,G,0.1258965411668114
Positive,6,G,0.12029693169783469
Positive,6,T,0.0965021392611466
Positive,6,C,0.09432643162994454
Positive,7,T,0.0896634597263473
Positive,6,A,0.08886841795145577
Positive,5,T,0.0835032519121529
Positive,22,A,0.07566119632439817
Positive,7,C,0.07435529907028708
Positive,7,G,0.06719031802909262
Positive,21,A,0.06705888055441384
Positive,22,T,0.062180211843033815
Positive,25,T,0.06205728783455516
Positive,22,G,0.05854958644270526
Positive,8,C,0.053955100102251054
Positive,9,T,0.05374169172696824
Positive,8,T,0.05339967560362019
Positive,21,C,0.04998078767341955
Positive,25,A,0.046558900627548555
Negative,5,A,-0.4932028489076071
Negative,10,G,-0.2124714819720333
Negative,7,A,-0.21128612895195686
Negative,5,C,-0.1662349598951999
Negative,5,G,-0.16403166575899947
Negative,9,T,-0.14743129092568702
Negative,6,T,-0.14539115245688358
Negative,6,C,-0.14315978902768944
Negative,7,C,-0.13236164861373334
Negative,6,G,-0.11777318451850396
Negative,20,A,-0.10191881538039435
Negative,7,T,-0.10142094294077578
Negative,6,A,-0.09940526853713652
Negative,25,G,-0.09298007630144955
Negative,21,T,-0.09179629241401224
Negative,17,C,-0.09156460269870013
Negative,4,G,-0.09133536286542496
Negative,21,C,-0.08245812070063613
Negative,11,A,-0.08192614215751791
Negative,20,T,-0.0807770480716806
