Sign,Position,Feature,Average value
Positive,"5, 6","C, A",0.06582958559371399
Positive,"9, 10, 11","C, C, A",0.05992631711594935
Positive,"4, 5","G, T",0.04981812388994798
Positive,"6, 7","C, A",0.0469388427197478
Positive,"19, 20","C, A",0.0468777611763517
Positive,"7, 9","G, C",0.04496089731708634
Positive,"7, 9, 10","A, C, C",0.0446528142116243
Positive,"3, 5, 7","A, C, G",0.04464393870722497
Positive,"5, 6, 7","C, A, G",0.04357590121371391
Positive,"6, 7, 8","T, G, C",0.0424939209297695
Positive,"3, 4, 5","C, C, T",0.042023952740259767
Positive,"13, 14","G, A",0.04143839377260636
Positive,"7, 9","T, C",0.040764878415913995
Positive,"5, 6","T, G",0.03978864746250568
Positive,"7, 8, 11","A, C, C",0.03858386158593852
Positive,"3, 4","A, C",0.03795328100139905
Positive,"4, 5, 8","C, A, C",0.036750523454830424
Positive,"9, 10","C, G",0.03608290459877426
Positive,"4, 6, 8","C, G, T",0.03551596336404957
Positive,"21, 23","G, A",0.03536777860759143
Negative,"3, 4","C, C",-0.09347720804902744
Negative,"9, 10","C, C",-0.07469846852023128
Negative,"10, 11","C, C",-0.07267132319115582
Negative,"7, 9, 10","G, C, C",-0.07190565515380677
Negative,"8, 9","C, C",-0.06288237402310416
Negative,"9, 10","T, T",-0.056663060331449626
Negative,"3, 4, 6","C, C, G",-0.054268563756086935
Negative,"9, 10, 11","C, C, C",-0.05413351560917146
Negative,"16, 17","A, A",-0.04626683264723711
Negative,"7, 11","A, C",-0.04607021610318402
Negative,"10, 11","T, T",-0.04394908502305069
Negative,"17, 18","A, A",-0.04389652303931733
Negative,"5, 8, 9","C, C, C",-0.04141981026983945
Negative,"4, 5, 6","T, T, G",-0.041367935866327483
Negative,"7, 10, 11","G, C, C",-0.03793813820525206
Negative,"20, 21","A, A",-0.037893214136460324
Negative,"14, 15","A, A",-0.03770339861989671
Negative,"3, 4, 10","C, C, C",-0.037447553835219576
Negative,"21, 24, 25","G, A, A",-0.03544688815502084
Negative,"5, 7, 11","C, G, C",-0.03493717791746602
