Sign,Position,Feature,Average value
Positive,5,G,0.11979565826924485
Positive,6,G,0.11835965745174164
Positive,7,G,0.08745238542821178
Positive,25,T,0.07959579876876591
Positive,22,T,0.07027324468338352
Positive,11,C,0.06093439193325511
Positive,21,T,0.06089894382556386
Positive,10,C,0.060895552580806464
Positive,8,G,0.06036229697342834
Positive,3,C,0.05761579944161615
Positive,9,G,0.05278842703494574
Positive,4,C,0.0474377065910912
Positive,8,C,0.04341474871675411
Positive,2,A,0.043132358895052854
Positive,23,T,0.04174061269252071
Positive,4,G,0.0365459176712313
Positive,9,C,0.03626994802708012
Positive,10,G,0.03566103358888781
Positive,24,G,0.03184072391941797
Positive,18,A,0.03101592726224555
Negative,8,A,-0.07900929428610413
Negative,10,A,-0.07576260619468758
Negative,6,C,-0.07343631011683899
Negative,7,A,-0.07137444776374069
Negative,9,A,-0.0687547655864984
Negative,20,C,-0.0639228390714732
Negative,5,T,-0.055298514668511524
Negative,5,C,-0.04962837175981704
Negative,6,T,-0.04743853623406347
Negative,23,C,-0.045348658564226346
Negative,21,C,-0.044874785784293124
Negative,3,T,-0.042810715787825915
Negative,22,A,-0.04224909205980946
Negative,5,A,-0.04141563085959211
Negative,25,C,-0.041148628586086415
Negative,4,T,-0.040706057134175556
Negative,4,A,-0.038998649560084614
Negative,18,C,-0.03712663785456523
Negative,11,A,-0.037082653308024106
Negative,17,C,-0.03692336987682699
