Sign,Position,Feature,Average value
Positive,5,G,0.052640431384784823
Positive,6,C,0.049280239513380564
Positive,5,C,0.04858692365801197
Positive,6,T,0.043370722657888335
Positive,5,A,0.04124012102645531
Positive,5,T,0.03495067299733673
Positive,7,G,0.03367468106949124
Positive,11,T,0.02839635828606903
Positive,6,G,0.026655368465982005
Positive,2,C,0.02613803141808632
Positive,6,A,0.026076790073415346
Positive,3,C,0.025604072281404107
Positive,9,A,0.02527105905867309
Positive,4,T,0.02477293474383208
Positive,3,G,0.024496069082235106
Positive,7,T,0.024217698283735527
Positive,4,A,0.02330532812962582
Positive,4,C,0.023052208576716533
Positive,8,C,0.022941446265390616
Positive,8,T,0.022190275843146798
Negative,21,G,-0.07014946715386179
Negative,18,A,-0.04724041625824709
Negative,10,A,-0.04215705791417994
Negative,6,T,-0.03641320136778042
Negative,10,C,-0.033747667452006955
Negative,6,G,-0.033038407279249636
Negative,23,T,-0.03225593738024291
Negative,11,A,-0.032166992327386325
Negative,9,G,-0.02983537540291502
Negative,5,T,-0.028456972241464845
Negative,25,T,-0.0267552865161845
Negative,11,G,-0.026698997830148674
Negative,25,A,-0.026261283100629314
Negative,4,C,-0.026064046089802183
Negative,25,C,-0.0251725182718114
Negative,4,T,-0.02389117545568296
Negative,8,T,-0.023248239168091538
Negative,4,G,-0.02291812700145712
Negative,7,T,-0.020512591865634092
Negative,3,T,-0.01906606691807317
