Sign,Position,Feature,Average value
Positive,"3, 4","C, G",0.02885364452009924
Positive,"5, 6","C, A",0.023912647014761382
Positive,"5, 6","G, T",0.02391264701476138
Positive,"8, 9","C, G",0.022239516250052105
Positive,"5, 6","T, G",0.021523976413020004
Positive,"5, 6","A, C",0.021523976413019993
Positive,"18, 19","C, A",0.020931466300412815
Positive,"19, 20","C, A",0.02036204105708573
Positive,"11, 12","A, C",0.020231420162624428
Positive,"11, 12","T, G",0.020231420162624424
Positive,"9, 10","A, C",0.019295323662278797
Positive,"4, 5","A, C",0.018682658997455873
Positive,"4, 5","T, G",0.018682658997455866
Positive,"9, 10","G, T",0.017890219332484577
Positive,"19, 20","A, C",0.017586400967912776
Positive,"10, 11","A, C",0.017419313936389538
Positive,"10, 11","T, G",0.017419313936389538
Positive,"16, 17","A, C",0.017240010093731616
Positive,"6, 7","T, G",0.017044624808438484
Positive,"6, 7","A, C",0.017044624808438474
Negative,"3, 4","C, C",-0.0419477160544442
Negative,"8, 9","C, C",-0.034485646827292944
Negative,"7, 8","T, T",-0.03315043263695405
Negative,"9, 10","C, C",-0.031067009617996227
Negative,"8, 9","T, T",-0.02941028678377032
Negative,"8, 9","G, G",-0.027598472651332924
Negative,"11, 12","C, C",-0.027129716796965037
Negative,"11, 12","G, G",-0.027129716796965037
Negative,"4, 5","C, C",-0.026672069339380766
Negative,"4, 5","G, G",-0.02667206933938076
Negative,"10, 11","G, G",-0.025935540011230978
Negative,"10, 11","C, C",-0.025935540011230974
Negative,"3, 4","G, G",-0.025487340380062146
Negative,"7, 8","C, C",-0.024355904429980427
Negative,"9, 10","T, T",-0.02426747228999998
Negative,"6, 7","C, C",-0.023354291782743893
Negative,"6, 7","G, G",-0.023354291782743883
Negative,"14, 15","A, A",-0.023046484685125285
Negative,"9, 10","G, G",-0.022708227224599142
Negative,"12, 13","C, C",-0.02166016643701267
